7.698,-7.492,650.551
7.714,-7.485,650.563
7.706,-7.497,650.558
7.689,-7.495,650.557
7.706,-7.486,650.550
7.717,-7.473,650.548
7.721,-7.479,650.549
7.726,-7.477,650.536
7.750,-7.456,650.521
7.756,-7.460,650.515
7.755,-7.496,650.500
7.757,-7.467,650.484
7.747,-7.471,650.497
7.751,-7.497,650.494
7.747,-7.472,650.472
7.745,-7.462,650.495
7.725,-7.472,650.484
7.747,-7.450,650.456
7.728,-7.449,650.462
7.739,-7.464,650.470
7.718,-7.470,650.451
7.743,-7.461,650.457
7.748,-7.465,650.438
7.748,-7.465,650.438
7.755,-7.452,650.430
7.776,-7.461,650.431
7.756,-7.453,650.444
7.764,-7.447,650.429
7.762,-7.457,650.424
7.777,-7.450,650.423
7.764,-7.467,650.426
7.759,-7.458,650.431
7.747,-7.464,650.425
7.755,-7.461,650.419
7.762,-7.466,650.413
7.762,-7.457,650.424
7.764,-7.467,650.426
7.738,-7.478,650.440
7.766,-7.457,650.431
7.760,-7.467,650.419
7.763,-7.469,650.445
7.783,-7.459,650.431
7.794,-7.452,650.424
7.789,-7.464,650.425
7.800,-7.470,650.446
7.819,-7.471,650.440
7.797,-7.482,650.460
7.819,-7.462,650.451
7.801,-7.471,650.459
7.788,-7.468,650.464
7.782,-7.480,650.472
7.777,-7.457,650.470
7.768,-7.451,650.488
7.742,-7.483,650.498
7.757,-7.467,650.484
7.763,-7.476,650.517
7.757,-7.497,650.513
7.778,-7.478,650.504
7.776,-7.479,650.511
7.762,-7.503,650.514
7.757,-7.497,650.513
7.756,-7.510,650.541
7.754,-7.483,650.537
7.781,-7.481,650.550
7.773,-7.493,650.545
7.784,-7.506,650.534
7.788,-7.506,650.540
7.771,-7.522,650.561
7.781,-7.492,650.558
7.771,-7.505,650.559
7.775,-7.494,650.558
7.777,-7.493,650.551
7.759,-7.503,650.578
7.762,-7.502,650.572
7.745,-7.499,650.571
7.752,-7.498,650.584
7.753,-7.488,650.576
7.749,-7.497,650.558
7.770,-7.488,650.557
7.743,-7.509,650.566
7.727,-7.519,650.586
7.745,-7.508,650.560
7.741,-7.500,650.565
7.751,-7.504,650.565
7.760,-7.499,650.539
7.774,-7.508,650.527
7.774,-7.519,650.535
7.783,-7.533,650.531
7.768,-7.530,650.524
7.746,-7.523,650.542
7.748,-7.502,650.539
7.728,-7.529,650.517
7.736,-7.506,650.514
7.738,-7.494,650.500
7.762,-7.484,650.492
7.792,-7.467,650.471
7.793,-7.476,650.460
7.795,-7.494,650.475
7.802,-7.499,650.469
7.793,-7.522,650.472
7.761,-7.509,650.470
7.744,-7.507,650.469
7.736,-7.516,650.445
7.710,-7.510,650.456
7.710,-7.510,650.456
7.696,-7.544,650.448
7.722,-7.530,650.440
7.731,-7.533,650.428
7.742,-7.546,650.416
7.747,-7.561,650.405
7.745,-7.542,650.392
7.747,-7.532,650.396
7.745,-7.534,650.402
7.728,-7.531,650.402
7.724,-7.532,650.395
7.717,-7.527,650.401
7.717,-7.538,650.410
7.710,-7.511,650.401
7.719,-7.508,650.394
7.730,-7.502,650.385
7.732,-7.503,650.398
7.720,-7.481,650.395
7.740,-7.469,650.387
7.729,-7.465,650.387
7.729,-7.475,650.396
7.744,-7.468,650.395
7.763,-7.469,650.389
7.755,-7.481,650.384
7.755,-7.482,650.382
7.740,-7.480,650.395
7.735,-7.474,650.395
7.721,-7.445,650.410
7.728,-7.452,650.424
7.726,-7.432,650.389
7.736,-7.448,650.419
7.773,-7.417,650.426
7.789,-7.427,650.427
7.789,-7.437,650.435
7.788,-7.429,650.447
7.800,-7.431,650.428
7.781,-7.439,650.422
7.752,-7.456,650.456
7.720,-7.460,650.458
7.717,-7.473,650.471
7.691,-7.458,650.495
7.712,-7.460,650.502
7.717,-7.446,650.481
7.727,-7.453,650.500
7.759,-7.437,650.492
7.770,-7.452,650.501
7.780,-7.430,650.511
7.777,-7.432,650.517
7.762,-7.439,650.519
7.760,-7.431,650.512
7.741,-7.458,650.528
7.737,-7.442,650.519
7.743,-7.459,650.541
7.738,-7.443,650.532
7.762,-7.439,650.519
7.761,-7.424,650.536
7.759,-7.445,650.539
7.766,-7.412,650.534
7.779,-7.415,650.528
7.780,-7.416,650.541
7.781,-7.442,650.532
7.785,-7.442,650.538
7.785,-7.442,650.538
7.789,-7.432,650.556
7.800,-7.434,650.539
7.791,-7.448,650.552
7.798,-7.445,650.532
7.780,-7.461,650.515
7.796,-7.463,650.541
7.795,-7.482,650.524
7.793,-7.500,650.533
7.800,-7.494,650.495
7.778,-7.497,650.526
7.785,-7.493,650.507
7.802,-7.484,650.501
7.787,-7.480,650.495
7.787,-7.508,650.504
7.793,-7.512,650.485
7.788,-7.487,650.487
7.805,-7.506,650.491
7.792,-7.515,650.503
7.808,-7.503,650.464
7.800,-7.489,650.468
7.807,-7.494,650.461
7.807,-7.502,650.451
7.794,-7.497,650.438
7.802,-7.477,650.453
7.804,-7.486,650.457
7.802,-7.476,650.455
7.809,-7.492,650.455
7.798,-7.477,650.448
7.804,-7.484,650.437
7.809,-7.481,650.448
7.805,-7.502,650.438
7.818,-7.495,650.444
7.818,-7.485,650.435
7.829,-7.480,650.423
7.829,-7.470,650.413
7.827,-7.469,650.402
7.823,-7.469,650.395
7.823,-7.469,650.394
7.814,-7.485,650.405
7.784,-7.480,650.409
7.803,-7.472,650.416
7.801,-7.460,650.395
7.798,-7.461,650.388
7.791,-7.467,650.402
7.791,-7.456,650.394
7.782,-7.470,650.408
7.782,-7.470,650.408
7.782,-7.453,650.406
7.780,-7.480,650.404
7.773,-7.475,650.410
7.758,-7.474,650.422
7.765,-7.488,650.404
7.767,-7.478,650.408
7.769,-7.478,650.423
7.781,-7.455,650.426
7.783,-7.482,650.430
7.775,-7.477,650.422
7.775,-7.496,650.443
7.773,-7.497,650.450
7.780,-7.468,650.454
7.768,-7.483,650.461
7.765,-7.486,650.463
7.752,-7.472,650.461
7.755,-7.488,650.455
7.761,-7.487,650.455
7.746,-7.513,650.478
7.722,-7.534,650.494
7.729,-7.532,650.493
7.712,-7.549,650.490
7.706,-7.545,650.533
7.714,-7.544,650.547
7.716,-7.543,650.541
7.699,-7.543,650.559
7.711,-7.511,650.574
7.691,-7.520,650.588
7.697,-7.502,650.585
7.667,-7.507,650.599
7.680,-7.485,650.616
7.664,-7.481,650.593
7.670,-7.470,650.607
7.682,-7.458,650.618
7.694,-7.417,650.620
7.697,-7.408,650.637
7.701,-7.419,650.651
7.705,-7.407,650.650
7.715,-7.380,650.608
7.706,-7.383,650.615
7.691,-7.371,650.618
7.704,-7.407,650.636
7.703,-7.378,650.627
7.702,-7.378,650.614
7.682,-7.387,650.627
7.685,-7.403,650.623
7.678,-7.413,650.598
7.674,-7.433,650.613
7.659,-7.440,650.614
7.662,-7.465,650.598
7.679,-7.456,650.593
7.668,-7.471,650.612
7.669,-7.478,650.582
7.663,-7.489,650.570
7.670,-7.474,650.543
7.678,-7.460,650.553
7.658,-7.477,650.542
7.679,-7.458,650.533
7.682,-7.468,650.549
7.696,-7.480,650.531
7.703,-7.484,650.525
7.705,-7.472,650.511
7.705,-7.463,650.523
7.714,-7.467,650.509
7.721,-7.493,650.519
7.740,-7.444,650.488
7.745,-7.462,650.495
7.758,-7.445,650.469
7.738,-7.446,650.493
7.749,-7.448,650.475
7.749,-7.448,650.475
7.764,-7.449,650.463
7.771,-7.462,650.447
7.758,-7.462,650.470
7.761,-7.478,650.467
7.769,-7.464,650.452
7.753,-7.471,650.439
7.755,-7.460,650.446
7.730,-7.489,650.437
7.727,-7.473,650.440
7.717,-7.475,650.434
7.734,-7.478,650.435
7.731,-7.478,650.443
7.749,-7.471,650.433
7.740,-7.454,650.419
7.751,-7.449,650.432
7.755,-7.441,650.425
7.749,-7.443,650.423
7.748,-7.434,650.435
7.761,-7.419,650.428
7.762,-7.400,650.445
7.771,-7.415,650.440
7.786,-7.408,650.438
7.792,-7.406,650.438
7.786,-7.419,650.446
7.782,-7.402,650.438
7.771,-7.415,650.438
7.780,-7.410,650.413
7.775,-7.415,650.444
7.775,-7.386,650.437
7.768,-7.410,650.451
7.777,-7.424,650.447
7.764,-7.449,650.464
7.777,-7.443,650.469
7.786,-7.466,650.453
7.795,-7.455,650.458
7.799,-7.450,650.451
7.795,-7.472,650.460
7.803,-7.452,650.475
7.810,-7.467,650.478
7.820,-7.481,650.489
7.812,-7.477,650.479
7.820,-7.465,650.485
7.803,-7.480,650.486
7.809,-7.469,650.499
7.804,-7.472,650.511
7.794,-7.487,650.507
7.791,-7.479,650.526
7.770,-7.491,650.520
7.759,-7.495,650.534
7.754,-7.498,650.522
7.746,-7.503,650.546
7.757,-7.477,650.517
7.754,-7.489,650.532
7.766,-7.477,650.543
7.747,-7.486,650.559
7.767,-7.466,650.535
7.775,-7.472,650.542
7.788,-7.457,650.535
7.789,-7.447,650.541
7.779,-7.443,650.539
7.781,-7.444,650.551
7.778,-7.445,650.559
7.791,-7.431,650.550
7.769,-7.431,650.564
7.742,-7.472,650.569
7.742,-7.461,650.561
7.753,-7.446,650.539
7.753,-7.476,650.568
7.740,-7.473,650.575
7.738,-7.470,650.544
7.760,-7.462,650.542
7.743,-7.478,650.562
7.773,-7.471,650.529
7.765,-7.494,650.533
7.758,-7.480,650.551
7.731,-7.511,650.546
7.733,-7.481,650.531
7.732,-7.480,650.533
7.733,-7.481,650.531
7.741,-7.486,650.538
7.742,-7.473,650.512
7.751,-7.488,650.507
7.756,-7.474,650.485
7.758,-7.465,650.489
7.753,-7.450,650.501
7.764,-7.460,650.471
7.754,-7.465,650.484
7.762,-7.453,650.489
7.762,-7.451,650.469
7.764,-7.449,650.464
7.788,-7.428,650.448
7.785,-7.438,650.430
7.788,-7.418,650.439
7.786,-7.418,650.447
7.801,-7.422,650.453
7.778,-7.450,650.438
7.769,-7.436,650.442
7.755,-7.460,650.445
7.744,-7.456,650.444
7.763,-7.446,650.431
7.761,-7.448,650.436
7.766,-7.452,650.418
7.768,-7.450,650.413
7.788,-7.440,650.399
7.775,-7.454,650.408
7.772,-7.455,650.399
7.759,-7.461,650.395
7.754,-7.472,650.397
7.757,-7.489,650.390
7.752,-7.462,650.395
7.755,-7.490,650.397
7.768,-7.484,650.379
7.764,-7.495,650.405
7.772,-7.509,650.401
7.765,-7.529,650.385
7.752,-7.553,650.382
7.750,-7.537,650.385
7.757,-7.527,650.410
7.770,-7.521,650.415
7.781,-7.498,650.405
7.796,-7.490,650.404
7.810,-7.477,650.409
7.823,-7.482,650.422
7.828,-7.460,650.427
7.828,-7.471,650.436
7.822,-7.473,650.435
7.792,-7.488,650.436
7.782,-7.520,650.435
7.743,-7.539,650.462
7.757,-7.526,650.468
7.730,-7.548,650.475
7.745,-7.540,650.475
7.759,-7.516,650.472
7.780,-7.507,650.471
7.778,-7.508,650.479
7.782,-7.497,650.475
7.791,-7.494,650.469
7.773,-7.522,650.499
7.763,-7.515,650.479
7.737,-7.520,650.499
7.758,-7.509,650.479
7.741,-7.528,650.519
7.753,-7.525,650.519
7.764,-7.501,650.510
7.768,-7.509,650.529
7.789,-7.500,650.529
7.796,-7.496,650.509
7.795,-7.488,650.520
7.814,-7.481,650.524
7.821,-7.485,650.519
7.821,-7.496,650.528
7.813,-7.499,650.534
7.806,-7.494,650.540
7.816,-7.481,650.539
7.812,-7.490,650.520
7.805,-7.477,650.539
7.792,-7.483,650.556
7.795,-7.479,650.531
7.780,-7.497,650.540
7.780,-7.497,650.540
7.770,-7.499,650.534
7.781,-7.512,650.522
7.783,-7.530,650.538
7.781,-7.521,650.511
7.790,-7.526,650.519
7.792,-7.515,650.504
7.829,-7.496,650.483
7.811,-7.496,650.502
7.810,-7.504,650.477
7.810,-7.495,650.488
7.834,-7.519,650.463
7.824,-7.533,650.461
7.841,-7.533,650.468
7.827,-7.549,650.458
7.827,-7.538,650.449
7.831,-7.535,650.439
7.808,-7.556,650.453
7.820,-7.522,650.449
7.777,-7.550,650.459
7.777,-7.548,650.424
7.766,-7.541,650.406
7.783,-7.546,650.425
7.779,-7.563,650.422
7.791,-7.540,650.426
7.791,-7.524,650.422
7.800,-7.499,650.399
7.817,-7.481,650.404
7.831,-7.485,650.412
7.821,-7.470,650.401
7.842,-7.433,650.391
7.837,-7.436,650.404
7.831,-7.448,650.412
7.814,-7.446,650.387
7.814,-7.466,650.408
7.795,-7.445,650.393
7.806,-7.429,650.396
7.788,-7.421,650.402
7.786,-7.459,650.406
7.791,-7.467,650.402
7.790,-7.459,650.412
7.773,-7.478,650.428
7.765,-7.479,650.416
7.769,-7.467,650.414
7.771,-7.474,650.398
7.750,-7.486,650.416
7.728,-7.489,650.422
7.760,-7.472,650.416
7.749,-7.488,650.436
7.749,-7.499,650.445
7.764,-7.491,650.444
7.772,-7.488,650.438
7.768,-7.483,650.460
7.793,-7.454,650.445
7.777,-7.455,650.476
7.779,-7.453,650.471
7.759,-7.428,650.505
7.749,-7.458,650.484
7.766,-7.414,650.476
7.761,-7.438,650.505
7.760,-7.412,650.515
7.745,-7.430,650.524
7.740,-7.404,650.527
7.733,-7.408,650.546
7.739,-7.406,650.546
7.737,-7.397,650.545
7.724,-7.396,650.545
7.722,-7.397,650.553
7.728,-7.376,650.555
7.711,-7.411,650.553
7.725,-7.388,650.570
7.742,-7.410,650.591
7.742,-7.410,650.591
7.760,-7.409,650.553
7.735,-7.414,650.587
7.731,-7.417,650.599
7.719,-7.432,650.582
7.724,-7.412,650.605
7.686,-7.427,650.594
7.691,-7.393,650.634
7.702,-7.387,650.602
7.683,-7.416,650.637
7.684,-7.386,650.621
7.693,-7.403,650.636
7.699,-7.390,650.628
7.691,-7.424,650.639
7.719,-7.400,650.635
7.732,-7.413,650.637
7.729,-7.416,650.586
7.744,-7.440,650.590
7.754,-7.460,650.579
7.737,-7.486,650.588
7.738,-7.523,650.587
7.717,-7.532,650.588
7.702,-7.556,650.591
7.698,-7.565,650.575
7.678,-7.548,650.599
7.661,-7.557,650.605
7.658,-7.556,650.578
7.630,-7.548,650.578
7.649,-7.528,650.556
7.634,-7.516,650.535
7.636,-7.497,650.551
7.651,-7.471,650.528
7.668,-7.462,650.521
7.689,-7.406,650.513
7.696,-7.441,650.512
7.715,-7.422,650.509
7.728,-7.425,650.503
7.722,-7.438,650.511
7.733,-7.442,650.512
7.752,-7.443,650.506
7.731,-7.441,650.499
7.713,-7.433,650.504
7.718,-7.447,650.494
7.678,-7.466,650.508
7.658,-7.445,650.493
7.647,-7.443,650.512
7.638,-7.451,650.476
7.634,-7.463,650.475
7.636,-7.471,650.459
7.641,-7.504,650.469
7.633,-7.519,650.482
7.680,-7.502,650.445
7.683,-7.501,650.437
7.689,-7.480,650.441
7.683,-7.473,650.426
7.680,-7.466,650.444
7.678,-7.465,650.431
7.691,-7.442,650.434
7.668,-7.438,650.447
7.690,-7.436,650.440
7.698,-7.424,650.445
7.705,-7.439,650.447
7.693,-7.426,650.459
7.696,-7.425,650.452
7.698,-7.452,650.455
7.690,-7.466,650.470
7.685,-7.440,650.473
7.700,-7.442,650.460
7.699,-7.435,650.491
7.688,-7.453,650.507
7.699,-7.429,650.497
7.694,-7.412,650.489
7.702,-7.420,650.490
7.678,-7.452,650.539
7.696,-7.441,650.512
7.686,-7.440,650.544
7.665,-7.438,650.537
7.665,-7.440,650.531
7.650,-7.445,650.537
7.631,-7.463,650.540
7.650,-7.438,650.543
7.650,-7.478,650.561
7.641,-7.491,650.576
7.630,-7.478,650.587
7.631,-7.451,650.591
7.629,-7.441,650.588
7.640,-7.448,650.584
7.612,-7.441,650.582
7.592,-7.442,650.607
7.589,-7.452,650.589
7.590,-7.441,650.594
7.605,-7.445,650.602
7.615,-7.443,650.608
7.628,-7.448,650.622
7.629,-7.440,650.646
7.648,-7.432,650.652
7.646,-7.403,650.629
7.656,-7.390,650.627
7.665,-7.377,650.613
7.677,-7.379,650.594
7.644,-7.383,650.619
7.647,-7.401,650.609
7.651,-7.418,650.618
7.654,-7.434,650.613
7.658,-7.443,650.608
7.657,-7.489,650.627
7.640,-7.513,650.617
7.634,-7.508,650.623
7.637,-7.533,650.608
7.614,-7.552,650.603
7.590,-7.562,650.610
7.568,-7.553,650.610
7.580,-7.555,650.591
7.578,-7.557,650.597
7.584,-7.544,650.590
7.601,-7.536,650.583
7.646,-7.525,650.588
7.662,-7.544,650.577
7.669,-7.549,650.571
7.688,-7.547,650.547
7.728,-7.518,650.509
7.704,-7.519,650.504
7.704,-7.511,650.514
7.689,-7.490,650.505
7.687,-7.489,650.493
7.671,-7.459,650.495
7.654,-7.456,650.495
7.653,-7.484,650.492
7.659,-7.473,650.503
7.666,-7.467,650.464
7.672,-7.485,650.486
7.686,-7.505,650.482
7.714,-7.499,650.456
7.710,-7.510,650.457
7.719,-7.525,650.452
7.710,-7.507,650.440
7.700,-7.510,650.432
7.702,-7.510,650.446
7.694,-7.522,650.441
7.683,-7.529,650.447
7.683,-7.537,650.438
7.677,-7.548,650.426
7.668,-7.514,650.434
7.690,-7.534,650.441
7.694,-7.511,650.432
7.705,-7.499,650.430
7.699,-7.503,650.463
7.698,-7.511,650.439
7.704,-7.510,650.438
7.699,-7.483,650.443
7.723,-7.504,650.463
7.712,-7.489,650.454
7.727,-7.482,650.453
7.731,-7.481,650.460
7.740,-7.487,650.467
7.731,-7.510,650.470
7.731,-7.501,650.457
7.732,-7.518,650.459
7.708,-7.519,650.478
7.695,-7.534,650.461
7.678,-7.543,650.468
7.697,-7.535,650.475
7.689,-7.530,650.466
7.675,-7.518,650.484
7.679,-7.508,650.503
7.683,-7.478,650.478
7.676,-7.495,650.525
7.659,-7.501,650.514
7.669,-7.477,650.504
7.683,-7.455,650.520
7.664,-7.465,650.535
7.687,-7.455,650.526
7.704,-7.459,650.547
7.711,-7.464,650.541
7.734,-7.426,650.523
7.735,-7.429,650.555
7.722,-7.426,650.561
7.731,-7.440,650.557
7.730,-7.442,650.577
7.709,-7.433,650.576
7.716,-7.447,650.558
7.703,-7.444,650.564
7.698,-7.447,650.577
7.691,-7.487,650.582
7.688,-7.471,650.586
7.697,-7.474,650.574
7.688,-7.497,650.577
7.703,-7.500,650.584
7.684,-7.508,650.579
7.714,-7.493,650.578
7.688,-7.499,650.596
7.679,-7.493,650.589
7.672,-7.480,650.608
7.681,-7.477,650.600
7.664,-7.474,650.600
7.674,-7.451,650.590
7.678,-7.430,650.600
7.711,-7.409,650.611
7.684,-7.390,650.582
7.688,-7.409,650.610
7.705,-7.394,650.609
7.700,-7.430,650.588
7.701,-7.411,650.604
7.701,-7.403,650.591
7.706,-7.409,650.591
7.714,-7.397,650.596
7.710,-7.398,650.590
7.713,-7.422,650.574
7.709,-7.404,650.546
7.713,-7.431,650.562
7.715,-7.410,650.559
7.707,-7.433,650.562
7.696,-7.438,650.550
7.691,-7.448,650.539
7.680,-7.461,650.540
7.672,-7.453,650.539
7.674,-7.435,650.530
7.689,-7.445,650.531
7.696,-7.450,650.500
7.701,-7.428,650.491
7.705,-7.455,650.507
7.720,-7.420,650.497
7.705,-7.444,650.499
7.705,-7.416,650.489
7.712,-7.412,650.470
7.707,-7.404,650.475
7.715,-7.394,650.499
7.720,-7.420,650.496
7.742,-7.398,650.468
7.736,-7.400,650.468
7.731,-7.422,650.478
7.727,-7.433,650.479
7.727,-7.433,650.479
7.716,-7.418,650.470
7.706,-7.434,650.466
7.701,-7.425,650.471
7.687,-7.450,650.474
7.700,-7.425,650.458
7.696,-7.453,650.462
7.709,-7.456,650.456
7.694,-7.465,650.476
7.688,-7.465,650.457
7.698,-7.452,650.455
7.686,-7.466,650.463
7.687,-7.459,650.463
7.676,-7.465,650.495
7.692,-7.476,650.471
7.676,-7.474,650.484
7.685,-7.477,650.471
7.687,-7.489,650.493
7.689,-7.479,650.497
7.699,-7.455,650.488
7.695,-7.468,650.509
7.686,-7.463,650.502
7.677,-7.477,650.516
7.692,-7.470,650.515
7.685,-7.476,650.530
7.696,-7.480,650.530
7.682,-7.504,650.533
7.682,-7.504,650.533
7.679,-7.497,650.551
7.683,-7.496,650.557
7.678,-7.499,650.570
7.660,-7.487,650.543
7.663,-7.478,650.561
7.650,-7.494,650.565
7.654,-7.494,650.570
7.643,-7.470,650.573
7.648,-7.496,650.570
7.661,-7.501,650.583
7.656,-7.515,650.604
7.662,-7.502,650.597
7.654,-7.496,650.589
7.662,-7.483,650.575
7.669,-7.489,650.589
7.690,-7.489,650.576
7.709,-7.462,650.585
7.711,-7.489,650.589
7.720,-7.494,650.596
7.711,-7.519,650.618
7.721,-7.486,650.620
7.711,-7.539,650.615
7.681,-7.522,650.612
7.679,-7.524,650.619
7.655,-7.517,650.624
7.668,-7.502,650.616
7.678,-7.491,650.634
7.665,-7.495,650.634
7.696,-7.489,650.621
7.695,-7.481,650.607
7.681,-7.494,650.602
7.685,-7.483,650.601
7.691,-7.472,650.612
7.686,-7.467,650.612
7.682,-7.439,650.595
7.675,-7.436,650.621
7.694,-7.427,650.607
7.685,-7.412,650.611
7.696,-7.416,650.612
7.697,-7.393,650.576
7.714,-7.367,650.567
7.713,-7.403,650.552
7.702,-7.388,650.544
7.730,-7.386,650.556
7.733,-7.382,650.530
7.733,-7.400,650.532
7.744,-7.415,650.541
7.740,-7.415,650.535
7.752,-7.426,650.504
7.739,-7.438,650.493
7.750,-7.445,650.513
7.757,-7.449,650.507
7.753,-7.478,650.510
7.735,-7.503,650.482
7.743,-7.491,650.487
7.743,-7.491,650.487
7.737,-7.474,650.465
7.741,-7.482,650.485
7.744,-7.473,650.503
7.732,-7.467,650.490
7.751,-7.483,650.453
7.739,-7.464,650.470
7.732,-7.465,650.470
7.727,-7.476,650.459
7.740,-7.479,650.453
7.744,-7.478,650.459
7.742,-7.497,650.468
7.757,-7.479,650.434
7.745,-7.494,650.442
7.735,-7.462,650.444
7.737,-7.454,650.469
7.731,-7.450,650.488
7.725,-7.444,650.474
7.704,-7.441,650.467
7.708,-7.432,650.485
7.708,-7.432,650.485
7.720,-7.418,650.477
7.731,-7.411,650.470
7.725,-7.435,650.485
7.711,-7.423,650.503
7.710,-7.442,650.486
7.709,-7.416,650.496
7.689,-7.436,650.518
7.708,-7.418,650.515
7.706,-7.402,650.520
7.708,-7.390,650.505
7.710,-7.391,650.518
7.713,-7.392,650.544
7.701,-7.396,650.544
7.714,-7.409,650.546
7.703,-7.442,650.544
7.712,-7.428,650.530
7.694,-7.439,650.557
7.666,-7.432,650.556
7.672,-7.422,650.567
7.674,-7.412,650.572
7.659,-7.419,650.573
7.661,-7.417,650.566
7.651,-7.413,650.566
7.666,-7.406,650.565
7.650,-7.406,650.597
7.660,-7.422,650.605
7.656,-7.422,650.599
7.682,-7.422,650.593
7.650,-7.415,650.585
7.676,-7.412,650.585
7.678,-7.439,650.589
7.683,-7.437,650.576
7.676,-7.441,650.595
7.681,-7.447,650.571
7.676,-7.441,650.595
7.666,-7.462,650.585
7.666,-7.482,650.582
7.666,-7.471,650.574
7.683,-7.454,650.578
7.668,-7.472,650.587
7.645,-7.499,650.596
7.643,-7.481,650.581
7.624,-7.500,650.583
7.596,-7.521,650.592
7.586,-7.537,650.588
7.573,-7.523,650.586
7.577,-7.512,650.584
7.608,-7.470,650.586
7.624,-7.472,650.573
7.636,-7.477,650.587
7.666,-7.462,650.585
7.685,-7.425,650.561
7.673,-7.459,650.566
7.666,-7.432,650.556
7.656,-7.428,650.555
7.660,-7.434,650.555
7.660,-7.445,650.563
7.630,-7.448,650.557
7.652,-7.454,650.539
7.665,-7.440,650.531
7.646,-7.467,650.547
7.663,-7.459,650.540
7.664,-7.446,650.512
7.677,-7.477,650.516
7.678,-7.475,650.497
7.665,-7.491,650.500
7.659,-7.510,650.501
7.639,-7.528,650.490
7.627,-7.568,650.489
7.596,-7.574,650.502
7.590,-7.578,650.497
7.597,-7.583,650.491
7.599,-7.553,650.474
7.609,-7.549,650.486
7.615,-7.527,650.490
7.650,-7.510,650.475
7.667,-7.485,650.466
7.689,-7.491,650.447
7.697,-7.497,650.454
7.706,-7.483,650.440
7.712,-7.472,650.451
7.702,-7.485,650.453
7.704,-7.493,650.435
7.684,-7.465,650.450
7.697,-7.468,650.444
7.693,-7.488,650.435
7.674,-7.518,650.470
7.674,-7.507,650.462
7.685,-7.529,650.439
7.677,-7.551,650.442
7.675,-7.561,650.438
7.665,-7.565,650.451
7.665,-7.574,650.439
7.656,-7.579,650.465
7.660,-7.577,650.452
7.677,-7.542,650.456
7.687,-7.549,650.474
7.695,-7.537,650.479
7.712,-7.529,650.471
7.712,-7.529,650.471
7.702,-7.552,650.482
7.702,-7.542,650.473
7.695,-7.565,650.490
7.693,-7.577,650.503
7.703,-7.564,650.502
7.701,-7.565,650.508
7.692,-7.551,650.513
7.681,-7.558,650.520
7.685,-7.547,650.519
7.659,-7.552,650.539
7.649,-7.573,650.529
7.639,-7.561,650.552
7.613,-7.564,650.554
7.628,-7.559,650.571
7.618,-7.581,650.562
7.630,-7.586,650.575
7.660,-7.583,650.581
7.660,-7.583,650.581
7.680,-7.573,650.567
7.684,-7.573,650.574
7.682,-7.572,650.561
7.665,-7.574,650.612
7.674,-7.588,650.608
7.671,-7.570,650.580
7.674,-7.560,650.598
7.666,-7.583,650.601
7.661,-7.585,650.614
7.665,-7.574,650.612
7.670,-7.600,650.609
7.658,-7.595,650.596
7.651,-7.588,650.582
7.634,-7.588,650.601
7.655,-7.579,650.600
7.625,-7.584,650.613
7.640,-7.569,650.599
7.629,-7.582,650.600
7.664,-7.573,650.599
7.661,-7.581,650.562
7.682,-7.572,650.561
7.684,-7.561,650.566
7.682,-7.589,650.563
7.682,-7.561,650.553
7.663,-7.568,650.547
7.653,-7.573,650.536
7.647,-7.549,650.557
7.652,-7.564,650.547
7.661,-7.541,650.544
7.667,-7.557,650.546
7.674,-7.555,650.546
7.680,-7.521,650.522
7.674,-7.516,650.528
7.674,-7.533,650.530
7.686,-7.544,650.499
7.690,-7.553,650.494
7.679,-7.557,650.507
7.678,-7.556,650.494
7.683,-7.571,650.483
7.696,-7.563,650.470
7.694,-7.573,650.464
7.687,-7.620,650.439
7.675,-7.634,650.446
7.656,-7.667,650.433
7.642,-7.662,650.405
7.653,-7.677,650.414
7.627,-7.688,650.427
7.631,-7.649,650.416
7.644,-7.652,650.410
7.638,-7.634,650.389
7.671,-7.593,650.403
7.656,-7.629,650.413
7.661,-7.617,650.412
7.658,-7.619,650.418
7.668,-7.577,650.408
7.643,-7.589,650.421
7.644,-7.570,650.412
7.642,-7.565,650.425
7.639,-7.557,650.443
7.639,-7.547,650.434
7.652,-7.550,650.429
7.667,-7.553,650.436
7.685,-7.554,650.417
7.673,-7.560,650.449
7.665,-7.592,650.441
7.662,-7.567,650.457
7.641,-7.584,650.446
7.622,-7.574,650.463
7.628,-7.573,650.464
7.632,-7.583,650.478
7.636,-7.611,650.494
7.632,-7.611,650.488
7.649,-7.586,650.479
7.652,-7.576,650.497
7.662,-7.580,650.484
7.646,-7.570,650.483
7.670,-7.568,650.490
7.646,-7.578,650.497
7.637,-7.586,650.517
7.626,-7.579,650.498
7.624,-7.583,650.523
7.615,-7.579,650.535
7.630,-7.561,650.526
7.643,-7.575,650.528
7.658,-7.568,650.528
7.664,-7.566,650.528
7.671,-7.582,650.530
7.683,-7.578,650.555
7.677,-7.589,650.543
7.685,-7.568,650.560
7.667,-7.559,650.565
7.652,-7.564,650.547
7.646,-7.596,650.576
7.648,-7.578,650.567
7.650,-7.587,650.569
7.644,-7.578,650.561
7.662,-7.561,650.579
7.658,-7.565,650.566
7.663,-7.579,650.555
7.655,-7.582,650.561
7.652,-7.594,650.576
7.667,-7.596,650.564
7.647,-7.614,650.553
7.669,-7.606,650.565
7.675,-7.610,650.546
7.681,-7.607,650.571
7.666,-7.623,650.561
7.670,-7.601,650.551
7.668,-7.622,650.554
7.644,-7.623,650.573
7.634,-7.628,650.561
7.643,-7.634,650.568
7.662,-7.604,650.533
7.658,-7.596,650.538
7.673,-7.570,650.516
7.686,-7.564,650.521
7.700,-7.568,650.528
7.724,-7.546,650.513
7.739,-7.529,650.479
7.710,-7.569,650.496
7.730,-7.568,650.471
7.736,-7.575,650.484
7.731,-7.585,650.473
7.703,-7.596,650.474
7.736,-7.589,650.454
7.710,-7.629,650.454
7.725,-7.622,650.452
7.717,-7.613,650.428
7.704,-7.619,650.446
7.704,-7.619,650.446
7.683,-7.609,650.425
7.683,-7.608,650.426
7.702,-7.590,650.424
7.727,-7.595,650.399
7.740,-7.590,650.403
7.764,-7.597,650.398
7.766,-7.595,650.392
7.794,-7.563,650.375
7.779,-7.551,650.378
7.770,-7.545,650.372
7.765,-7.530,650.383
7.775,-7.509,650.392
7.754,-7.498,650.371
7.767,-7.512,650.373
7.757,-7.525,650.375
7.779,-7.506,650.380
7.793,-7.526,650.375
7.801,-7.523,650.370
7.808,-7.527,650.365
7.807,-7.538,650.358
7.800,-7.514,650.367
7.796,-7.514,650.361
7.789,-7.518,650.356
7.761,-7.514,650.373
7.746,-7.521,650.375
7.711,-7.498,650.372
7.721,-7.505,650.391
7.726,-7.539,650.379
7.713,-7.544,650.398
7.715,-7.573,650.397
7.728,-7.598,650.431
7.722,-7.599,650.432
7.706,-7.581,650.442
7.699,-7.593,650.450
7.690,-7.562,650.452
7.693,-7.547,650.475
7.680,-7.504,650.464
7.689,-7.496,650.500
7.689,-7.467,650.491
7.718,-7.449,650.514
7.717,-7.401,650.507
7.736,-7.413,650.510
7.732,-7.416,650.522
7.747,-7.400,650.508
7.748,-7.421,650.542
7.729,-7.439,650.545
7.722,-7.451,650.554
7.691,-7.457,650.552
7.675,-7.454,650.566
7.674,-7.465,650.560
7.658,-7.474,650.580
7.667,-7.480,650.587
7.664,-7.481,650.594
7.666,-7.479,650.588
7.688,-7.498,650.598
7.675,-7.487,650.614
7.684,-7.499,650.592
7.686,-7.489,650.595
7.693,-7.474,650.569
7.691,-7.484,650.564
7.679,-7.482,650.583
7.694,-7.475,650.582
7.679,-7.482,650.583
7.661,-7.459,650.549
7.657,-7.406,650.553
7.654,-7.416,650.535
7.666,-7.412,650.560
7.670,-7.400,650.560
7.675,-7.398,650.545
7.684,-7.402,650.533
7.703,-7.403,650.528
7.733,-7.417,650.536
7.730,-7.426,650.518
7.751,-7.406,650.508
7.759,-7.408,650.484
7.748,-7.405,650.482
7.744,-7.425,650.472
7.727,-7.413,650.484
7.721,-7.424,650.472
7.711,-7.400,650.465
7.704,-7.433,650.479
7.701,-7.405,650.476
7.701,-7.397,650.463
7.684,-7.411,650.465
7.692,-7.411,650.476
7.694,-7.409,650.472
7.725,-7.396,650.467
7.735,-7.391,650.480
7.737,-7.390,650.473
7.766,-7.394,650.455
7.778,-7.403,650.431
7.784,-7.401,650.431
7.782,-7.402,650.437
7.786,-7.400,650.424
7.769,-7.380,650.421
7.762,-7.384,650.440
7.762,-7.367,650.438
7.760,-7.385,650.447
7.782,-7.374,650.426
7.796,-7.369,650.445
7.814,-7.367,650.407
7.827,-7.359,650.393
7.815,-7.402,650.411
7.801,-7.424,650.394
7.788,-7.432,650.410
7.756,-7.446,650.397
7.740,-7.471,650.406
7.727,-7.466,650.393
7.725,-7.459,650.386
7.741,-7.442,650.391
7.758,-7.435,650.403
7.758,-7.433,650.384
7.778,-7.452,650.380
7.779,-7.478,650.370
7.786,-7.485,650.382
7.781,-7.496,650.385
7.768,-7.475,650.390
7.776,-7.453,650.386
7.765,-7.460,650.392
7.760,-7.434,650.395
7.780,-7.424,650.382
7.790,-7.423,650.388
7.807,-7.433,650.402
7.790,-7.442,650.409
7.805,-7.445,650.418
7.812,-7.470,650.407
7.803,-7.473,650.414
7.803,-7.484,650.422
7.797,-7.494,650.410
7.782,-7.504,650.431
7.779,-7.505,650.437
7.766,-7.493,650.454
7.781,-7.488,650.448
7.770,-7.492,650.462
7.783,-7.504,650.445
7.802,-7.497,650.449
7.789,-7.502,650.468
7.781,-7.506,650.450
7.779,-7.518,650.464
7.757,-7.526,650.466
7.774,-7.529,650.467
7.759,-7.538,650.487
7.768,-7.514,650.464
7.771,-7.513,650.472
7.766,-7.515,650.470
7.749,-7.526,650.510
7.771,-7.515,650.490
7.760,-7.511,650.490
7.765,-7.528,650.498
7.760,-7.519,650.503
7.780,-7.521,650.497
7.778,-7.522,650.503
7.780,-7.549,650.508
7.775,-7.534,650.520
7.783,-7.512,650.515
7.786,-7.519,650.499
7.760,-7.530,650.511
7.742,-7.521,650.517
7.736,-7.525,650.536
7.736,-7.534,650.524
7.734,-7.533,650.512
7.749,-7.526,650.511
7.769,-7.534,650.499
7.763,-7.555,650.496
7.772,-7.558,650.483
7.766,-7.571,650.491
7.777,-7.556,650.470
7.771,-7.566,650.460
7.753,-7.568,650.497
7.755,-7.567,650.490
7.741,-7.572,650.472
7.756,-7.537,650.461
7.734,-7.565,650.483
7.747,-7.520,650.446
7.764,-7.531,650.460
7.790,-7.511,650.457
7.809,-7.510,650.434
7.818,-7.504,650.433
7.801,-7.513,650.440
7.791,-7.535,650.430
7.767,-7.556,650.444
7.748,-7.555,650.450
7.726,-7.566,650.447
7.716,-7.550,650.438
7.726,-7.529,650.448
7.732,-7.505,650.432
7.749,-7.508,650.433
7.761,-7.519,650.426
7.779,-7.491,650.396
7.786,-7.470,650.413
7.787,-7.479,650.401
7.789,-7.506,650.405
7.775,-7.519,650.401
7.766,-7.514,650.394
7.743,-7.524,650.402
7.760,-7.538,650.409
7.762,-7.506,650.398
7.762,-7.515,650.387
7.777,-7.518,650.395
7.774,-7.502,650.400
7.781,-7.507,650.392
7.783,-7.497,650.397
7.765,-7.488,650.403
7.774,-7.465,650.400
7.767,-7.449,650.399
7.774,-7.465,650.400
7.776,-7.464,650.394
7.788,-7.469,650.407
7.797,-7.483,650.403
7.808,-7.489,650.423
7.803,-7.473,650.414
7.799,-7.484,650.416
7.795,-7.504,650.430
7.795,-7.513,650.419
7.791,-7.515,650.432
7.794,-7.540,650.417
7.803,-7.554,650.412
7.798,-7.539,650.423
7.793,-7.552,650.445
7.806,-7.555,650.440
7.817,-7.560,650.439
7.806,-7.556,650.438
7.803,-7.567,650.454
7.786,-7.576,650.460
7.778,-7.551,650.458
7.777,-7.556,650.469
7.769,-7.559,650.476
7.776,-7.538,650.493
7.787,-7.534,650.481
7.787,-7.525,650.492
7.777,-7.522,650.504
7.785,-7.493,650.508
7.789,-7.501,650.526
7.808,-7.483,650.524
7.793,-7.490,650.525
7.810,-7.474,650.525
7.804,-7.476,650.524
7.803,-7.488,650.532
7.810,-7.464,650.516
7.806,-7.467,650.528
7.800,-7.505,650.528
7.789,-7.512,650.534
7.791,-7.510,650.529
7.783,-7.522,650.524
7.778,-7.497,650.527
7.785,-7.512,650.529
7.802,-7.515,650.529
7.804,-7.503,650.514
7.787,-7.491,650.525
7.801,-7.503,650.507
7.790,-7.524,650.499
7.797,-7.512,650.490
7.813,-7.542,650.488
7.813,-7.548,650.481
7.813,-7.550,650.502
7.839,-7.565,650.477
7.830,-7.559,650.472
7.827,-7.541,650.467
7.814,-7.546,650.463
7.818,-7.563,650.471
7.801,-7.563,650.464
7.809,-7.541,650.461
7.805,-7.530,650.447
7.809,-7.530,650.453
7.801,-7.513,650.438
7.808,-7.529,650.441
7.836,-7.485,650.417
7.842,-7.495,650.424
7.845,-7.499,650.412
7.838,-7.493,650.399
7.847,-7.479,650.408
7.860,-7.482,650.402
7.852,-7.494,650.397
7.856,-7.491,650.385
7.839,-7.497,650.373
7.840,-7.525,650.382
7.827,-7.522,650.388
7.827,-7.540,650.390
7.815,-7.554,650.374
7.808,-7.556,650.375
7.806,-7.546,650.373
7.790,-7.544,650.371
7.794,-7.552,650.367
7.789,-7.555,650.379
7.801,-7.548,650.347
7.784,-7.540,650.390
7.785,-7.549,650.379
7.793,-7.535,650.365
7.797,-7.515,650.375
7.804,-7.502,650.366
7.825,-7.482,650.359
7.832,-7.459,650.341
7.846,-7.474,650.356
7.857,-7.461,650.355
7.839,-7.471,650.381
7.824,-7.467,650.375
7.829,-7.440,650.384
7.819,-7.464,650.393
7.791,-7.468,650.400
7.769,-7.462,650.418
7.784,-7.454,650.417
7.767,-7.461,650.405
7.764,-7.473,650.420
7.756,-7.487,650.434
7.756,-7.495,650.424
7.751,-7.472,650.445
7.752,-7.445,650.448
7.754,-7.443,650.443
7.743,-7.441,650.461
7.744,-7.456,650.444
7.758,-7.471,650.459
7.759,-7.497,650.451
7.769,-7.529,650.447
7.790,-7.545,650.439
7.797,-7.553,650.450
7.794,-7.579,650.434
7.790,-7.601,650.443
7.764,-7.612,650.459
7.740,-7.616,650.473
7.719,-7.569,650.467
7.709,-7.593,650.476
7.700,-7.570,650.467
7.707,-7.552,650.503
7.712,-7.549,650.490
7.734,-7.522,650.505
7.761,-7.528,650.492
7.781,-7.510,650.503
7.801,-7.501,650.489
7.805,-7.498,650.477
7.805,-7.489,650.487
7.815,-7.467,650.498
7.807,-7.462,650.490
7.793,-7.459,650.497
7.770,-7.480,650.511
7.759,-7.465,650.502
7.769,-7.463,650.509
7.751,-7.490,650.525
7.747,-7.488,650.499
7.764,-7.501,650.509
7.762,-7.503,650.514
7.762,-7.529,650.505
7.769,-7.525,650.487
7.767,-7.563,650.515
7.755,-7.577,650.500
7.773,-7.575,650.487
7.762,-7.582,650.493
7.757,-7.574,650.499
7.743,-7.579,650.479
7.747,-7.578,650.487
7.732,-7.574,650.480
7.722,-7.560,650.470
7.723,-7.560,650.484
7.721,-7.559,650.472
7.726,-7.559,650.477
7.743,-7.549,650.450
7.741,-7.539,650.450
7.763,-7.530,650.447
7.780,-7.522,650.440
7.795,-7.513,650.419
7.795,-7.512,650.421
7.810,-7.505,650.421
7.804,-7.499,650.404
7.791,-7.502,650.406
7.782,-7.479,650.396
7.781,-7.459,650.386
7.778,-7.479,650.390
7.761,-7.488,650.398
7.766,-7.522,650.407
7.766,-7.503,650.386
7.772,-7.535,650.377
7.776,-7.534,650.385
7.770,-7.561,650.376
7.802,-7.540,650.372
7.802,-7.557,650.375
7.804,-7.558,650.387
7.821,-7.521,650.370
7.814,-7.517,650.376
7.800,-7.531,650.370
7.801,-7.503,650.375
7.786,-7.521,650.383
7.784,-7.495,650.378
7.792,-7.509,650.375
7.773,-7.507,650.381
7.797,-7.498,650.372
7.797,-7.487,650.364
7.783,-7.478,650.375
7.783,-7.467,650.368
7.751,-7.482,650.377
7.718,-7.472,650.394
7.702,-7.464,650.412
7.676,-7.439,650.402
7.671,-7.404,650.417
7.637,-7.402,650.410
7.662,-7.362,650.411
7.694,-7.368,650.419
7.712,-7.363,650.419
7.718,-7.361,650.444
7.723,-7.378,650.452
7.740,-7.380,650.453
7.703,-7.437,650.492
7.670,-7.444,650.512
7.663,-7.484,650.492
7.653,-7.481,650.530
7.647,-7.502,650.526
7.648,-7.530,650.536
7.680,-7.525,650.536
7.694,-7.501,650.533
7.695,-7.507,650.527
7.715,-7.481,650.524
7.708,-7.448,650.545
7.710,-7.430,650.536
7.701,-7.424,650.529
7.672,-7.413,650.554
7.664,-7.414,650.541
7.651,-7.422,650.554
7.640,-7.409,650.565
7.636,-7.381,650.549
7.621,-7.467,650.586
7.595,-7.459,650.578
7.597,-7.477,650.593
7.582,-7.495,650.602
7.604,-7.484,650.582
7.604,-7.492,650.595
7.621,-7.512,650.598
7.663,-7.520,650.574
7.668,-7.534,650.563
7.674,-7.513,650.566
7.709,-7.494,650.532
7.708,-7.496,650.551
7.713,-7.483,650.530
7.713,-7.483,650.530
7.714,-7.475,650.555
7.730,-7.474,650.523
7.720,-7.470,650.522
7.739,-7.460,650.509
7.731,-7.463,650.515
7.712,-7.471,650.509
7.706,-7.492,650.506
7.697,-7.515,650.509
7.690,-7.542,650.486
7.728,-7.581,650.460
7.738,-7.618,650.452
7.766,-7.603,650.437
7.790,-7.639,650.442
7.799,-7.642,650.430
7.812,-7.644,650.424
7.813,-7.634,650.416
7.802,-7.590,650.397
7.789,-7.607,650.425
7.748,-7.617,650.426
7.744,-7.606,650.412
7.744,-7.587,650.389
7.740,-7.587,650.384
7.768,-7.622,650.395
7.791,-7.629,650.377
7.824,-7.639,650.359
7.833,-7.671,650.357
7.865,-7.657,650.368
7.865,-7.663,650.338
7.834,-7.677,650.352
7.812,-7.668,650.352
7.788,-7.658,650.339
7.762,-7.667,650.319
7.727,-7.684,650.333
7.744,-7.686,650.335
7.742,-7.696,650.330
7.769,-7.672,650.312
7.806,-7.667,650.332
7.830,-7.646,650.317
7.854,-7.628,650.334
7.881,-7.620,650.353
7.883,-7.609,650.358
7.880,-7.594,650.362
7.855,-7.577,650.366
7.842,-7.583,650.359
7.834,-7.595,650.355
7.816,-7.575,650.352
7.819,-7.602,650.355
7.810,-7.616,650.370
7.827,-7.618,650.371
7.838,-7.620,650.352
7.860,-7.631,650.373
7.894,-7.614,650.358
7.903,-7.619,650.365
7.913,-7.607,650.363
7.903,-7.619,650.365
7.890,-7.643,650.361
7.876,-7.639,650.355
7.871,-7.660,650.365
7.850,-7.680,650.374
7.841,-7.694,650.388
7.838,-7.706,650.403
7.852,-7.684,650.419
7.862,-7.635,650.418
7.874,-7.605,650.428
7.870,-7.563,650.442
7.868,-7.516,650.442
7.862,-7.485,650.450
7.839,-7.478,650.454
7.850,-7.479,650.437
7.852,-7.481,650.449
7.880,-7.502,650.434
7.912,-7.551,650.421
7.975,-7.584,650.401
8.002,-7.599,650.401
8.022,-7.642,650.389
8.027,-7.660,650.396
8.001,-7.691,650.407
7.975,-7.674,650.411
7.929,-7.658,650.417
7.891,-7.666,650.413
7.874,-7.644,650.415
7.860,-7.644,650.439
7.903,-7.623,650.419
7.906,-7.648,650.404
7.947,-7.666,650.412
7.967,-7.674,650.400
7.963,-7.696,650.409
7.973,-7.674,650.420
7.970,-7.648,650.415
7.962,-7.625,650.421
7.945,-7.595,650.409
7.940,-7.543,650.422
7.917,-7.520,650.438
7.915,-7.482,650.425
7.914,-7.465,650.424
7.918,-7.464,650.431
7.943,-7.459,650.397
7.935,-7.470,650.392
7.934,-7.498,650.388
7.925,-7.482,650.373
7.937,-7.523,650.372
7.933,-7.515,650.376
7.950,-7.515,650.359
7.931,-7.550,650.364
7.946,-7.554,650.371
7.921,-7.572,650.354
7.905,-7.568,650.333
7.894,-7.581,650.335
7.867,-7.594,650.331
7.873,-7.581,650.323
7.871,-7.600,650.331
7.906,-7.594,650.325
7.923,-7.585,650.317
7.943,-7.565,650.295
7.970,-7.554,650.319
7.974,-7.551,650.306
7.985,-7.527,650.297
7.965,-7.509,650.300
7.965,-7.478,650.271
7.950,-7.486,650.272
7.955,-7.464,650.261
7.931,-7.485,650.277
7.928,-7.494,650.259
7.940,-7.499,650.272
7.945,-7.514,650.262
7.943,-7.515,650.268
7.943,-7.504,650.260
7.953,-7.491,650.259
7.944,-7.488,650.271
7.955,-7.474,650.271
7.939,-7.484,650.290
7.937,-7.474,650.288
7.944,-7.470,650.269
7.947,-7.461,650.288
7.931,-7.453,650.306
7.918,-7.450,650.311
7.920,-7.451,650.323
7.922,-7.452,650.338
7.913,-7.466,650.351
7.929,-7.451,650.351
7.934,-7.468,650.358
7.906,-7.489,650.367
7.911,-7.487,650.355
7.889,-7.498,650.374
7.872,-7.514,650.373
7.874,-7.526,650.393
7.855,-7.534,650.387
7.850,-7.517,650.403
7.848,-7.546,650.396
7.857,-7.543,650.413
7.882,-7.543,650.408
7.895,-7.535,650.394
7.912,-7.546,650.408
7.919,-7.541,650.390
7.912,-7.546,650.408
7.908,-7.529,650.399
7.912,-7.565,650.406
7.880,-7.550,650.409
7.868,-7.556,650.404
7.851,-7.582,650.412
7.856,-7.573,650.420
7.858,-7.583,650.445
7.871,-7.569,650.437
7.890,-7.559,650.425
7.889,-7.552,650.454
7.917,-7.520,650.437
7.935,-7.493,650.431
7.951,-7.488,650.439
7.959,-7.476,650.444
7.967,-7.454,650.441
7.954,-7.451,650.446
7.939,-7.458,650.448
7.946,-7.482,650.439
7.924,-7.493,650.459
7.913,-7.492,650.477
7.888,-7.537,650.471
7.887,-7.547,650.466
7.883,-7.548,650.460
7.902,-7.566,650.457
7.891,-7.581,650.478
7.893,-7.616,650.456
7.897,-7.611,650.449
7.885,-7.617,650.443
7.893,-7.594,650.441
7.893,-7.603,650.429
7.889,-7.605,650.443
7.901,-7.611,650.454
7.897,-7.592,650.428
7.924,-7.578,650.418
7.922,-7.563,650.436
7.949,-7.569,650.424
7.955,-7.556,650.417
7.942,-7.554,650.421
7.934,-7.546,650.396
7.916,-7.536,650.427
7.895,-7.537,650.412
7.893,-7.538,650.419
7.882,-7.534,650.420
7.901,-7.515,650.418
7.912,-7.520,650.417
7.929,-7.500,650.402
7.945,-7.530,650.400
7.947,-7.529,650.393
7.953,-7.516,650.385
7.949,-7.539,650.395
7.928,-7.536,650.388
7.928,-7.525,650.380
7.920,-7.518,650.354
7.923,-7.534,650.349
7.943,-7.552,650.346
7.906,-7.559,650.359
7.915,-7.574,650.354
7.907,-7.586,650.349
7.908,-7.584,650.329
7.913,-7.545,650.331
7.909,-7.546,650.324
7.901,-7.540,650.318
7.913,-7.534,650.322
7.918,-7.534,650.328
7.932,-7.520,650.334
7.910,-7.529,650.335
7.930,-7.500,650.324
7.923,-7.495,650.330
7.906,-7.503,650.338
7.911,-7.473,650.330
7.904,-7.460,650.345
7.915,-7.475,650.353
7.907,-7.459,650.337
7.910,-7.450,650.357
7.927,-7.443,650.368
7.931,-7.460,650.377
7.936,-7.458,650.364
7.919,-7.466,650.371
7.921,-7.476,650.373
7.916,-7.479,650.385
7.918,-7.477,650.380
7.912,-7.487,650.369
7.896,-7.505,650.388
7.889,-7.528,650.405
7.897,-7.527,650.418
7.899,-7.537,650.419
7.897,-7.527,650.419
7.888,-7.519,650.393
7.892,-7.519,650.399
7.883,-7.517,650.432
7.872,-7.505,650.441
7.891,-7.506,650.435
7.897,-7.501,650.442
7.903,-7.511,650.449
7.922,-7.503,650.456
7.923,-7.520,650.457
7.938,-7.513,650.455
7.953,-7.526,650.452
7.957,-7.495,650.453
7.940,-7.514,650.468
7.936,-7.534,650.458
7.904,-7.539,650.458
7.904,-7.539,650.459
7.875,-7.556,650.494
7.888,-7.531,650.477
7.891,-7.521,650.496
7.892,-7.519,650.477
7.893,-7.520,650.490
7.926,-7.496,650.491
7.918,-7.491,650.498
7.913,-7.502,650.487
7.923,-7.497,650.498
7.910,-7.494,650.505
7.919,-7.489,650.479
7.919,-7.509,650.499
7.919,-7.508,650.501
7.924,-7.523,650.490
7.936,-7.534,650.483
7.930,-7.554,650.460
7.938,-7.561,650.486
7.935,-7.559,650.461
7.934,-7.550,650.449
7.939,-7.539,650.447
7.922,-7.556,650.467
7.909,-7.571,650.450
7.911,-7.561,650.455
7.907,-7.581,650.445
7.912,-7.559,650.436
7.912,-7.556,650.417
7.931,-7.549,650.422
7.921,-7.560,650.404
7.945,-7.567,650.399
7.949,-7.536,650.399
7.939,-7.552,650.396
7.958,-7.531,650.375
7.949,-7.536,650.400
7.956,-7.541,650.370
7.941,-7.528,650.375
7.940,-7.528,650.361
7.943,-7.527,650.368
7.969,-7.515,650.355
7.939,-7.527,650.362
7.957,-7.517,650.334
7.960,-7.516,650.327
7.974,-7.500,650.339
7.977,-7.508,650.320
7.964,-7.522,650.328
7.961,-7.520,650.302
7.966,-7.535,650.292
7.972,-7.533,650.292
7.952,-7.534,650.317
7.949,-7.543,650.298
7.933,-7.552,650.319
7.944,-7.554,650.301
7.926,-7.562,650.295
7.942,-7.584,650.317
7.971,-7.549,650.281
7.966,-7.552,650.293
7.971,-7.549,650.281
7.975,-7.577,650.298
7.983,-7.557,650.314
7.996,-7.549,650.299
7.981,-7.556,650.300
7.979,-7.557,650.307
7.976,-7.569,650.321
7.974,-7.551,650.307
7.955,-7.559,650.301
7.948,-7.556,650.326
7.944,-7.567,650.328
7.944,-7.585,650.329
7.926,-7.576,650.335
7.928,-7.587,650.357
7.934,-7.577,650.368
7.932,-7.568,650.365
7.942,-7.538,650.362
7.952,-7.561,650.385
7.963,-7.537,650.375
7.959,-7.566,650.377
7.976,-7.568,650.378
7.957,-7.569,650.380
7.950,-7.582,650.387
7.959,-7.568,650.374
7.927,-7.600,650.384
7.911,-7.595,650.421
7.928,-7.604,650.416
7.903,-7.596,650.408
7.903,-7.596,650.408
7.911,-7.595,650.421
7.913,-7.585,650.425
7.916,-7.584,650.434
7.907,-7.581,650.446
7.895,-7.604,650.442
7.892,-7.580,650.457
7.891,-7.553,650.467
7.901,-7.555,650.435
7.894,-7.550,650.441
7.894,-7.550,650.440
7.906,-7.555,650.455
7.914,-7.577,650.426
7.913,-7.543,650.444
7.902,-7.549,650.453
7.889,-7.535,650.451
7.880,-7.521,650.455
7.865,-7.537,650.445
7.885,-7.538,650.464
7.885,-7.547,650.453
7.900,-7.529,650.443
7.924,-7.535,650.439
7.929,-7.551,650.426
7.942,-7.554,650.421
7.912,-7.567,650.425
7.903,-7.553,650.428
7.871,-7.578,650.425
7.858,-7.583,650.444
7.837,-7.573,650.424
7.844,-7.588,650.427
7.862,-7.552,650.422
7.868,-7.568,650.410
7.874,-7.572,650.404
7.892,-7.572,650.387
7.894,-7.580,650.392
7.893,-7.587,650.369
7.895,-7.588,650.381
7.887,-7.601,650.375
7.886,-7.574,650.385
7.891,-7.589,650.375
7.886,-7.564,650.376
7.891,-7.561,650.365
7.886,-7.547,650.374
7.895,-7.522,650.352
7.899,-7.519,650.340
7.873,-7.541,650.361
7.882,-7.545,650.348
7.881,-7.544,650.336
7.874,-7.540,650.341
7.871,-7.521,650.352
7.878,-7.537,650.329
7.887,-7.534,650.346
7.891,-7.531,650.334
7.891,-7.531,650.333
7.883,-7.543,650.329
7.868,-7.541,650.341
7.889,-7.541,650.329
7.861,-7.534,650.328
7.851,-7.531,650.325
7.861,-7.535,650.327
7.873,-7.537,650.308
7.890,-7.548,650.322
7.892,-7.555,650.305
7.895,-7.574,650.318
7.903,-7.559,650.305
7.929,-7.539,650.302
7.916,-7.534,650.289
7.905,-7.561,650.317
7.901,-7.522,650.293
7.907,-7.522,650.313
7.903,-7.545,650.321
7.905,-7.535,650.325
7.890,-7.550,650.316
7.898,-7.567,650.330
7.872,-7.589,650.352
7.883,-7.582,650.345
7.861,-7.584,650.354
7.853,-7.608,650.354
7.849,-7.647,650.366
7.851,-7.637,650.371
7.868,-7.640,650.372
7.884,-7.649,650.374
7.892,-7.646,650.367
7.890,-7.665,650.375
7.882,-7.660,650.369
7.868,-7.695,650.393
7.858,-7.691,650.392
7.827,-7.708,650.414
7.806,-7.697,650.394
7.804,-7.701,650.418
7.787,-7.701,650.451
7.801,-7.702,650.425
7.826,-7.671,650.416
7.841,-7.702,650.433
7.886,-7.692,650.439
7.908,-7.680,650.419
7.909,-7.684,650.451
7.895,-7.689,650.432
7.873,-7.681,650.430
7.849,-7.704,650.464
7.827,-7.684,650.456
7.823,-7.698,650.476
7.833,-7.694,650.464
7.827,-7.709,650.490
7.837,-7.682,650.463
7.840,-7.690,650.468
7.851,-7.703,650.458
7.866,-7.695,650.457
7.875,-7.693,650.450
7.883,-7.699,650.456
7.878,-7.709,650.445
7.875,-7.693,650.449
7.863,-7.705,650.438
7.859,-7.706,650.431
7.846,-7.732,650.422
7.846,-7.732,650.422
7.833,-7.717,650.445
7.834,-7.746,650.430
7.829,-7.759,650.451
7.819,-7.753,650.431
7.811,-7.765,650.426
7.814,-7.770,650.413
7.803,-7.803,650.411
7.799,-7.803,650.405
7.806,-7.819,650.407
7.789,-7.816,650.406
7.812,-7.786,650.402
7.814,-7.767,650.395
7.817,-7.756,650.379
7.812,-7.702,650.372
7.835,-7.720,650.375
7.851,-7.700,650.347
7.868,-7.663,650.329
7.879,-7.667,650.330
7.896,-7.648,650.314
7.901,-7.652,650.296
7.919,-7.654,650.296
7.918,-7.656,650.315
7.904,-7.650,650.289
7.885,-7.658,650.284
7.878,-7.662,650.303
7.874,-7.671,650.286
7.862,-7.683,650.274
7.856,-7.695,650.283
7.853,-7.708,650.297
7.850,-7.716,650.280
7.849,-7.733,650.268
7.850,-7.745,650.289
7.855,-7.759,650.279
7.851,-7.760,650.272
7.840,-7.773,650.275
7.821,-7.763,650.266
7.840,-7.755,650.274
7.826,-7.780,650.275
7.837,-7.740,650.277
7.825,-7.743,650.276
7.830,-7.740,650.263
7.835,-7.738,650.265
7.840,-7.719,650.273
7.859,-7.737,650.269
7.862,-7.753,650.266
7.884,-7.801,650.284
7.899,-7.791,650.264
7.927,-7.798,650.264
7.928,-7.801,650.297
7.952,-7.780,650.282
7.945,-7.765,650.279
7.931,-7.755,650.292
7.935,-7.746,650.310
7.909,-7.738,650.302
7.894,-7.747,650.323
7.864,-7.759,650.306
7.847,-7.770,650.332
7.832,-7.805,650.342
7.820,-7.820,650.350
7.808,-7.798,650.348
7.811,-7.811,650.382
7.794,-7.810,650.402
7.777,-7.817,650.388
7.774,-7.792,650.405
7.772,-7.802,650.399
7.806,-7.787,650.404
7.814,-7.773,650.391
7.842,-7.780,650.392
7.838,-7.793,650.412
7.866,-7.790,650.404
7.857,-7.775,650.410
7.861,-7.764,650.406
7.849,-7.745,650.424
7.862,-7.719,650.409
7.855,-7.726,650.421
7.839,-7.741,650.422
7.857,-7.733,650.429
7.848,-7.730,650.441
7.861,-7.721,650.428
7.864,-7.748,650.432
7.864,-7.757,650.420
7.860,-7.777,650.436
7.850,-7.754,650.412
7.842,-7.766,650.406
7.817,-7.788,650.443
7.809,-7.783,650.436
7.811,-7.801,650.451
7.802,-7.806,650.452
7.815,-7.837,650.456
7.813,-7.850,650.469
7.819,-7.862,650.440
7.797,-7.843,650.430
7.781,-7.867,650.420
7.747,-7.870,650.407
7.715,-7.875,650.408
7.697,-7.881,650.382
7.667,-7.912,650.386
7.660,-7.967,650.375
7.657,-7.976,650.356
7.664,-7.981,650.350
7.673,-7.973,650.331
7.725,-7.965,650.310
7.797,-7.927,650.314
7.847,-7.920,650.301
7.888,-7.879,650.269
7.921,-7.870,650.254
7.920,-7.878,650.230
7.906,-7.918,650.215
7.903,-7.984,650.161
7.893,-7.987,650.130
7.850,-7.959,650.119
7.840,-7.919,650.134
7.856,-7.886,650.155
7.884,-7.815,650.120
7.912,-7.821,650.122
7.966,-7.800,650.144
7.996,-7.775,650.110
7.987,-7.772,650.146
8.022,-7.755,650.132
7.991,-7.760,650.145
7.972,-7.779,650.147
7.960,-7.813,650.153
7.938,-7.846,650.188
7.928,-7.803,650.183
7.907,-7.792,650.163
7.894,-7.820,650.198
7.892,-7.791,650.175
7.871,-7.828,650.186
7.913,-7.799,650.177
7.946,-7.784,650.168
7.963,-7.773,650.142
7.987,-7.780,650.137
7.969,-7.762,650.154
7.946,-7.781,650.149
7.914,-7.816,650.179
7.879,-7.805,650.183
7.875,-7.788,650.176
7.856,-7.807,650.178
7.871,-7.794,650.220
7.857,-7.764,650.213
7.888,-7.729,650.194
7.909,-7.722,650.212
7.934,-7.702,650.210
7.925,-7.698,650.223
7.910,-7.695,650.215
7.898,-7.677,650.251
7.884,-7.674,650.257
7.851,-7.664,650.275
7.835,-7.681,650.271
7.839,-7.670,650.270
7.832,-7.673,650.290
7.823,-7.707,650.300
7.846,-7.688,650.305
7.851,-7.716,650.321
7.844,-7.729,650.328
7.831,-7.715,650.327
7.822,-7.700,650.331
7.807,-7.690,650.331
7.758,-7.722,650.360
7.749,-7.669,650.345
7.733,-7.668,650.358
7.745,-7.627,650.361
7.754,-7.603,650.360
7.764,-7.589,650.360
7.781,-7.591,650.362
7.792,-7.566,650.355
7.802,-7.544,650.365
7.780,-7.527,650.375
7.784,-7.518,650.392
7.764,-7.479,650.377
7.743,-7.460,650.368
7.708,-7.460,650.402
7.684,-7.409,650.417
7.672,-7.395,650.406
7.650,-7.388,650.425
7.650,-7.368,650.406
7.626,-7.337,650.439
7.623,-7.279,650.408
7.598,-7.310,650.418
7.589,-7.278,650.422
7.578,-7.284,650.431
7.567,-7.251,650.422
7.575,-7.223,650.446
7.572,-7.204,650.433
7.561,-7.165,650.445
7.558,-7.112,650.451
7.506,-7.101,650.473
7.483,-7.057,650.471
7.425,-7.034,650.521
7.355,-6.990,650.569
7.211,-6.998,650.627
7.103,-6.995,650.662
6.987,-7.011,650.717
6.889,-7.009,650.793
6.804,-7.032,650.807
6.729,-7.039,650.858
6.616,-7.054,650.943
6.531,-7.058,651.085
6.411,-7.000,651.231
6.248,-6.953,651.385
6.043,-6.851,651.531
5.828,-6.753,651.748
5.660,-6.656,651.979
5.451,-6.545,652.266
5.239,-6.457,652.497